ABMI,General_Source
1,Phase1
2,WBNP
3,WBNP
4,Phase1
5,Phase1
6,Phase1
7,Phase1
8,Phase1
9,WBNP
10,WBNP
11,WBNP
12,WBNP
13,WBNP
14,WBNP
15,WBNP
16,WBNP
17,WBNP
18,Phase1
19,Phase1
20,Phase1
21,Phase1
22,Phase1
23,WBNP
24,WBNP
25,WBNP
26,WBNP
27,WBNP
28,WBNP
29,WBNP
30,WBNP
31,WBNP
32,WBNP
33,WBNP
34,WBNP
35,WBNP
36,WBNP
37,Phase1
38,Phase1
39,Phase1
40,Phase1
41,Phase1
42,Phase1
43,Phase1
44,Phase1
45,Phase1
46,Phase1
47,AVIE
48,Phase1
49,Phase1
50,Phase1
51,WBNP
52,WBNP
53,WBNP
54,WBNP
55,WBNP
56,WBNP
57,WBNP
58,WBNP
59,WBNP
60,WBNP
61,WBNP
62,WBNP
63,WBNP
64,WBNP
65,Phase1
66,Phase1
67,Phase1
68,Phase1
69,Phase1
70,Phase1
71,Phase1
72,Phase1
73,Phase1
74,AVIE
75,AVIE
76,AVIE
77,Phase1
78,Phase1
79,WBNP
80,WBNP
81,WBNP
82,WBNP
83,WBNP
84,WBNP
85,WBNP
86,WBNP
87,WBNP
88,WBNP
89,WBNP
90,WBNP
91,WBNP
92,WBNP
93,WBNP
94,Phase1
95,Phase1
96,Phase1
97,Phase1
98,Phase1
99,Phase1
100,Phase1
101,AVIE
102,AVIE
103,AVIE
104,AVIE
105,AVIE
106,Phase1
107,Phase1
108,WBNP
109,WBNP
110,WBNP
111,WBNP
112,WBNP
113,WBNP
114,WBNP
115,WBNP
116,WBNP
117,WBNP
118,WBNP
119,WBNP
120,WBNP
121,WBNP
122,WBNP
123,Phase1
124,Phase1
125,Phase1
126,Phase1
127,Phase1
128,Phase1
129,Phase1
130,AVIE
131,AVIE
132,AVIE
133,AVIE
134,AVIE
135,AVIE
136,Phase1
137,Phase1
138,WBNP
139,WBNP
140,WBNP
141,WBNP
142,WBNP
143,WBNP
144,WBNP
145,WBNP
146,WBNP
147,WBNP
148,WBNP
149,WBNP
150,WBNP
151,WBNP
152,Phase1
153,Phase1
154,Phase1
155,Phase1
156,Phase1
157,AVIE
158,AVIE
159,AVIE
160,AVIE
161,AVIE
162,AVIE
163,AVIE
164,AVIE
165,Phase1
166,Phase1
167,WBNP
168,WBNP
169,AVIE
170,WBNP
171,AVIE
172,WBNP
173,WBNP
174,WBNP
175,WBNP
176,WBNP
177,WBNP
178,WBNP
179,WBNP
180,WBNP
181,Phase1
182,Phase1
183,Phase1
184,AVIE
185,AVIE
186,AVIE
187,AVIE
188,AVIE
189,AVIE
190,AVIE
191,AVIE
192,AVIE
193,AVIE
194,AVIE
195,AVIE
196,AVIE
197,AVIE
198,AVIE
199,AVIE
200,AVIE
201,AVIE
202,WBNP
203,WBNP
204,WBNP
205,WBNP
206,WBNP
207,WBNP
208,WBNP
209,WBNP
210,WBNP
211,Phase1
212,Phase1
213,Phase1
214,AVIE
215,AVIE
216,AVIE
217,AVIE
218,AVIE
219,AVIE
220,AVIE
221,AVIE
222,AVIE
223,AVIE
224,AVIE
225,AVIE
226,AVIE
227,AVIE
228,AVIE
229,AVIE
230,AVIE
231,AVIE
232,WBNP
233,WBNP
234,WBNP
235,WBNP
236,WBNP
237,WBNP
238,WBNP
239,WBNP
240,WBNP
241,Phase1
242,Phase1
243,Phase1
244,AVIE
245,AVIE
246,AVIE
247,AVIE
248,AVIE
249,AVIE
250,AVIE
251,AVIE
252,AVIE
253,AVIE
254,AVIE
255,AVIE
256,AVIE
257,AVIE
258,AVIE
259,AVIE
260,AVIE
261,AVIE
262,WBNP
263,WBNP
264,WBNP
265,WBNP
266,WBNP
267,WBNP
268,WBNP
269,WBNP
270,WBNP
271,Phase1
272,Phase1
273,Phase1
274,AVIE
275,AVIE
276,AVIE
277,AVIE
278,AVIE
279,AVIE
280,AVIE
281,AVIE
282,AVIE
283,AVIE
284,AVIE
285,AVIE
286,AVIE
287,AVIE
288,AVIE
289,AVIE
290,AVIE
291,AVIE
292,WBNP
293,WBNP
294,WBNP
295,WBNP
296,WBNP
297,AVIE
298,AVIE
299,PLVI
300,PLVI
301,PLVI
302,PLVI
303,PLVI
304,AVIE
305,AVIE
306,AVIE
307,AVIE
308,AVIE
309,AVIE
310,AVIE
311,AVIE
312,AVIE
313,AVIE
314,AVIE
315,AVIE
316,AVIE
317,AVIE
318,AVIE
319,AVIE
320,AVIE
321,Phase1
322,Phase1
323,Phase1
324,Phase1
325,PLVI
326,PLVI
327,AVIE
328,AVIE
329,AVIE
330,AVIE
331,AVIE
332,Phase1
333,AVIE
334,AVIE
335,AVIE
336,AVIE
337,AVIE
338,AVIE
339,Phase1
340,Phase1
341,AVIE
342,AVIE
343,AVIE
344,AVIE
345,AVIE
346,AVIE
347,AVIE
348,AVIE
349,AVIE
350,Phase1
351,Phase1
352,Phase1
353,Phase1
354,Phase1
355,AVIE
356,AVIE
357,AVIE
358,AVIE
359,AVIE
360,Phase1
361,Phase1
362,Phase1
363,Phase1
364,Phase1
365,AVIE
366,AVIE
367,AVIE
368,AVIE
369,Phase1
370,Phase1
371,Phase1
372,AVIE
373,AVIE
374,AVIE
375,AVIE
376,AVIE
377,AVIE
378,AVIE
379,AVIE
380,AVIE
381,Phase1
382,Phase1
383,Phase1
384,Phase1
385,AVIE
386,AVIE
387,AVIE
388,AVIE
389,AVIE
390,AVIE
391,AVIE
392,Phase1
393,Phase1
394,Phase1
395,AVIE
396,AVIE
397,AVIE
398,AVIE
399,AVIE
400,AVIE
401,AVIE
402,AVIE
403,AVIE
404,AVIE
405,AVIE
406,AVIE
407,AVIE
408,AVIE
409,AVIE
410,AVIE
411,Phase1
412,AVIE
413,AVIE
414,AVIE
415,AVIE
416,AVIE
417,AVIE
418,AVIE
419,AVIE
420,Phase1
421,Phase1
422,AVIE
423,Phase1
424,Phase1
425,AVIE
426,AVIE
427,AVIE
428,AVIE
429,AVIE
430,AVIE
431,AVIE
432,AVIE
433,AVIE
434,AVIE
435,AVIE
436,AVIE
437,AVIE
438,AVIE
439,AVIE
440,AVIE
441,AVIE
442,AVIE
443,AVIE
444,AVIE
445,AVIE
446,AVIE
447,AVIE
448,AVIE
449,AVIE
450,Phase1
451,Phase1
452,AVIE
453,Phase1
454,Phase1
455,AVIE
456,AVIE
457,AVIE
458,AVIE
459,AVIE
460,AVIE
461,AVIE
462,AVIE
463,AVIE
464,AVIE
465,AVIE
466,AVIE
467,AVIE
468,AVIE
469,AVIE
470,AVIE
471,AVIE
472,AVIE
473,AVIE
474,AVIE
475,AVIE
476,AVIE
477,AVIE
478,AVIE
479,AVIE
480,AVIE
481,AVIE
482,AVIE
483,AVIE
484,AVIE
485,Phase1
486,AVIE
487,AVIE
488,AVIE
489,AVIE
490,AVIE
491,Phase1
492,AVIE
493,AVIE
494,AVIE
495,AVIE
496,AVIE
497,AVIE
498,AVIE
499,AVIE
500,AVIE
501,AVIE
502,AVIE
503,AVIE
504,AVIE
505,AVIE
506,AVIE
507,AVIE
508,AVIE
509,AVIE
510,AVIE
511,AVIE
512,AVIE
513,AVIE
514,AVIE
515,AVIE
516,Phase1
517,AVIE
518,AVIE
519,AVIE
520,AVIE
521,AVIE
522,AVIE
523,AVIE
524,AVIE
525,AVIE
526,AVIE
527,AVIE
528,AVIE
529,AVIE
530,AVIE
531,AVIE
532,AVIE
533,AVIE
534,AVIE
535,AVIE
536,AVIE
537,AVIE
538,AVIE
539,AVIE
540,AVIE
541,AVIE
542,AVIE
543,AVIE
544,AVIE
545,AVIE
546,AVIE
547,AVIE
548,AVIE
549,AVIE
550,AVIE
551,AVIE
552,AVIE
553,AVIE
554,AVIE
555,AVIE
556,AVIE
557,AVIE
558,AVIE
559,AVIE
560,AVIE
561,AVIE
562,AVIE
563,AVIE
564,AVIE
565,AVIE
566,AVIE
567,AVIE
568,AVIE
569,AVIE
570,AVIE
571,AVIE
572,AVIE
573,AVIE
574,AVIE
575,AVIE
576,AVIE
577,AVIE
578,AVIE
579,AVIE
580,AVIE
581,AVIE
582,AVIE
583,AVIE
584,AVIE
585,Phase1
586,AVIE
587,AVIE
588,AVIE
589,AVIE
590,AVIE
591,AVIE
592,AVIE
593,AVIE
594,AVIE
595,AVIE
596,AVIE
597,AVIE
598,AVIE
599,AVIE
600,AVIE
601,AVIE
602,AVIE
603,AVIE
604,AVIE
605,AVIE
606,AVIE
607,AVIE
608,AVIE
609,AVIE
610,AVIE
611,Phase1
612,Phase1
613,AVIE
614,AVIE
615,AVIE
616,AVIE
617,Phase1
618,AVIE
619,AVIE
620,AVIE
621,AVIE
622,AVIE
623,AVIE
624,AVIE
625,AVIE
626,AVIE
627,AVIE
628,AVIE
629,AVIE
630,AVIE
631,AVIE
632,AVIE
633,AVIE
634,AVIE
635,AVIE
636,AVIE
637,AVIE
638,AVIE
639,AVIE
640,AVIE
641,AVIE
642,Phase1
643,Phase1
644,AVIE
645,AVIE
646,AVIE
647,Phase1
648,PLVI
649,PLVI
650,AVIE
651,AVIE
652,AVIE
653,AVIE
654,AVIE
655,AVIE
656,AVIE
657,AVIE
658,AVIE
659,AVIE
660,AVIE
661,AVIE
662,AVIE
663,AVIE
664,AVIE
665,AVIE
666,AVIE
667,AVIE
668,AVIE
669,AVIE
670,AVIE
671,AVIE
672,AVIE
673,Phase1
674,Phase1
675,AVIE
676,AVIE
677,AVIE
678,AVIE
679,PLVI
680,PLVI
681,PLVI
682,PLVI
683,AVIE
684,Phase1
685,Phase1
686,Phase1
687,Phase1
688,AVIE
689,AVIE
690,AVIE
691,AVIE
692,AVIE
693,AVIE
694,AVIE
695,AVIE
696,AVIE
697,AVIE
698,AVIE
699,AVIE
700,AVIE
701,AVIE
702,AVIE
703,AVIE
704,Phase1
705,Phase1
706,Phase1
707,AVIE
708,PLVI
709,PLVI
710,PLVI
711,PLVI
712,PLVI
713,AVIE
714,AVIE
715,Phase1
716,Phase1
717,AVIE
718,AVIE
719,AVIE
720,AVIE
721,AVIE
722,AVIE
723,AVIE
724,AVIE
725,AVIE
726,AVIE
727,AVIE
728,AVIE
729,AVIE
730,AVIE
731,AVIE
732,AVIE
733,AVIE
734,AVIE
735,Phase1
736,Phase1
737,Phase1
738,Phase1
739,Phase1
740,Phase1
741,PLVI
742,Phase1
743,Phase1
744,Phase1
745,AVIE
746,PLVI
747,AVIE
748,AVIE
749,AVIE
750,Phase1
751,AVIE
752,AVIE
753,AVIE
754,AVIE
755,AVIE
756,AVIE
757,AVIE
758,AVIE
759,AVIE
760,AVIE
761,AVIE
762,Phase1
763,AVIE
764,AVIE
765,AVIE
766,Phase1
767,AVIE
768,AVIE
769,AVIE
770,Phase1
771,Phase1
772,Phase1
773,AVIE
774,AVIE
775,Phase1
776,Phase1
777,PLVI
778,PLVI
779,PLVI
780,Phase1
781,AVIE
782,AVIE
783,AVIE
784,AVIE
785,AVIE
786,AVIE
787,AVIE
788,AVIE
789,AVIE
790,AVIE
791,AVIE
792,AVIE
793,AVIE
794,AVIE
795,Phase1
796,AVIE
797,AVIE
798,Phase1
799,AVIE
800,PLVI
801,Phase1
802,Phase1
803,Phase1
804,Phase1
805,AVIE
806,AVIE
807,Phase1
808,Phase1
809,PLVI
810,PLVI
811,AVIE
812,AVIE
813,AVIE
814,AVIE
815,AVIE
816,AVIE
817,AVIE
818,AVIE
819,AVIE
820,AVIE
821,AVIE
822,AVIE
823,AVIE
824,AVIE
825,AVIE
826,AVIE
827,AVIE
828,AVIE
829,AVIE
830,AVIE
831,AVIE
832,Phase1
833,Phase1
834,Phase1
835,Phase1
836,Phase1
837,Phase1
838,AVIE
839,Phase1
840,Phase1
841,AVIE
842,AVIE
843,AVIE
844,AVIE
845,AVIE
846,AVIE
847,AVIE
848,AVIE
849,AVIE
850,AVIE
851,AVIE
852,Phase1
853,Phase1
854,Phase1
855,AVIE
856,AVIE
857,AVIE
858,AVIE
859,AVIE
860,AVIE
861,AVIE
862,AVIE
863,AVIE
864,Phase1
865,PLVI
866,Phase1
867,AVIE
868,AVIE
869,Phase1
870,AVIE
871,Phase1
872,Phase1
873,AVIE
874,AVIE
875,AVIE
876,AVIE
877,AVIE
878,AVIE
879,AVIE
880,AVIE
881,AVIE
882,AVIE
883,AVIE
884,Phase1
885,Phase1
886,Phase1
887,Phase1
888,PLVI
889,AVIE
890,AVIE
891,AVIE
892,AVIE
893,PLVI
894,AVIE
895,PLVI
896,AVIE
897,AVIE
898,AVIE
899,AVIE
900,AVIE
901,AVIE
902,AVIE
903,AVIE
904,Phase1
905,Phase1
906,AVIE
907,AVIE
908,AVIE
909,AVIE
910,AVIE
911,AVIE
912,AVIE
913,AVIE
914,AVIE
915,AVIE
916,AVIE
917,Phase1
918,Phase1
919,Phase1
920,AVIE
921,PLVI
922,PLVI
923,PLVI
924,PLVI
925,PLVI
926,PLVI
927,PLVI
928,PLVI
929,AVIE
930,AVIE
931,AVIE
932,AVIE
933,AVIE
934,AVIE
935,AVIE
936,AVIE
937,AVIE
938,AVIE
939,AVIE
940,AVIE
941,AVIE
942,AVIE
943,AVIE
944,AVIE
945,AVIE
946,AVIE
947,AVIE
948,AVIE
949,Phase1
950,Phase1
951,CPVI
952,CPVI
953,PLVI
954,PLVI
955,PLVI
956,PLVI
957,PLVI
958,PLVI
959,PLVI
960,AVIE
961,AVIE
962,AVIE
963,AVIE
964,AVIE
965,AVIE
966,AVIE
967,AVIE
968,AVIE
969,AVIE
970,AVIE
971,AVIE
972,AVIE
973,AVIE
974,AVIE
975,AVIE
976,AVIE
977,AVIE
978,AVIE
979,AVIE
980,AVIE
981,AVIE
982,CPVI
983,CPVI
984,CPVI
985,CPVI
986,PLVI
987,CPVI
988,PLVI
989,PLVI
990,PLVI
991,PLVI
992,PLVI
993,PLVI
994,CPVI
995,AVIE
996,AVIE
997,AVIE
998,AVIE
999,AVIE
1000,AVIE
1001,AVIE
1002,AVIE
1003,AVIE
1004,AVIE
1005,AVIE
1006,AVIE
1007,AVIE
1008,AVIE
1009,AVIE
1010,AVIE
1011,AVIE
1012,AVIE
1013,AVIE
1014,AVIE
1015,CPVI
1016,CPVI
1017,CPVI
1018,CPVI
1019,CPVI
1020,CPVI
1021,PLVI
1022,PLVI
1023,PLVI
1024,PLVI
1025,PLVI
1026,CPVI
1027,CPVI
1028,CPVI
1029,Phase1
1030,AVIE
1031,AVIE
1032,AVIE
1033,AVIE
1034,AVIE
1035,AVIE
1036,AVIE
1037,AVIE
1038,AVIE
1039,AVIE
1040,AVIE
1041,AVIE
1042,AVIE
1043,AVIE
1044,AVIE
1045,AVIE
1046,AVIE
1047,AVIE
1048,AVIE
1049,CPVI
1050,CPVI
1051,CPVI
1052,CPVI
1053,CPVI
1054,CPVI
1055,CPVI
1056,CPVI
1057,CPVI
1058,CPVI
1059,CPVI
1060,CPVI
1061,CPVI
1062,CPVI
1063,Phase1
1064,AVIE
1065,AVIE
1066,AVIE
1067,AVIE
1068,AVIE
1069,AVIE
1070,AVIE
1071,AVIE
1072,AVIE
1073,AVIE
1074,AVIE
1075,AVIE
1076,AVIE
1077,AVIE
1078,AVIE
1079,AVIE
1080,CPVI
1081,CPVI
1082,CPVI
1083,CPVI
1084,CPVI
1085,CPVI
1086,AVIE
1087,PLVI
1088,CPVI
1089,CPVI
1090,CPVI
1091,CPVI
1092,CPVI
1093,CPVI
1094,PLVI
1095,CPVI
1096,Phase1
1097,Phase1
1098,Phase1
1099,AVIE
1100,AVIE
1101,AVIE
1102,AVIE
1103,AVIE
1104,AVIE
1105,AVIE
1106,AVIE
1107,AVIE
1108,AVIE
1109,AVIE
1110,AVIE
1111,Phase1
1112,CPVI
1113,AVIE
1114,CPVI
1115,CPVI
1116,CPVI
1117,CPVI
1118,CPVI
1119,CPVI
1120,CPVI
1121,CPVI
1122,CPVI
1123,CPVI
1124,CPVI
1125,PLVI
1126,PLVI
1127,PLVI
1128,CPVI
1129,Phase1
1130,AVIE
1131,AVIE
1132,Phase1
1133,Phase1
1134,AVIE
1135,AVIE
1136,AVIE
1137,AVIE
1138,AVIE
1139,AVIE
1140,AVIE
1141,AVIE
1142,AVIE
1143,AVIE
1144,CPVI
1145,AVIE
1146,AVIE
1147,AVIE
1148,CPVI
1149,CPVI
1150,CPVI
1151,CPVI
1152,CPVI
1153,CPVI
1154,CPVI
1155,CPVI
1156,CPVI
1157,PLVI
1158,PLVI
1159,PLVI
1160,CPVI
1161,Phase1
1162,Phase1
1163,Phase1
1164,MTNP
1165,MTNP
1166,MTNP
1167,AVIE
1168,AVIE
1169,AVIE
1170,AVIE
1171,AVIE
1172,AVIE
1173,AVIE
1174,AVIE
1175,AVIE
1176,AVIE
1177,AVIE
1178,AVIE
1179,AVIE
1180,AVIE
1181,CPVI
1182,CPVI
1183,CPVI
1184,CPVI
1185,CPVI
1186,CPVI
1187,CPVI
1188,CPVI
1189,CPVI
1190,CPVI
1191,PLVI
1192,PLVI
1193,CPVI
1194,CPVI
1195,MTNP
1196,MTNP
1197,MTNP
1198,MTNP
1199,MTNP
1200,AVIE
1201,AVIE
1202,AVIE
1203,Phase1
1204,AVIE
1205,AVIE
1206,AVIE
1207,AVIE
1208,AVIE
1209,AVIE
1210,CPVI
1211,PLVI
1212,AVIE
1213,CPVI
1214,CPVI
1215,CPVI
1216,CPVI
1217,CPVI
1218,CPVI
1219,CPVI
1220,CPVI
1221,CPVI
1222,CPVI
1223,PLVI
1224,PLVI
1225,CPVI
1226,CPVI
1227,MTNP
1228,MTNP
1229,MTNP
1230,MTNP
1231,AVIE
1232,AVIE
1233,AVIE
1234,AVIE
1235,AVIE
1236,AVIE
1237,AVIE
1238,AVIE
1239,AVIE
1240,AVIE
1241,CPVI
1242,AVIE
1243,CPVI
1244,CPVI
1245,CPVI
1246,CPVI
1247,CPVI
1248,CPVI
1249,CPVI
1250,CPVI
1251,CPVI
1252,CPVI
1253,CPVI
1254,CPVI
1255,PLVI
1256,CPVI
1257,MTNP
1258,MTNP
1259,MTNP
1260,MTNP
1261,MTNP
1262,AVIE
1263,AVIE
1264,AVIE
1265,AVIE
1266,AVIE
1267,AVIE
1268,AVIE
1269,CPVI
1270,CPVI
1271,CPVI
1272,CPVI
1273,CPVI
1274,CPVI
1275,CPVI
1276,CPVI
1277,CPVI
1278,CPVI
1279,CPVI
1280,CPVI
1281,CPVI
1282,CPVI
1283,CPVI
1284,CPVI
1285,CPVI
1286,MTNP
1287,MTNP
1288,MTNP
1289,MTNP
1290,MTNP
1291,AVIE
1292,AVIE
1293,AVIE
1294,AVIE
1295,AVIE
1296,AVIE
1297,CPVI
1298,CPVI
1299,CPVI
1300,CPVI
1301,CPVI
1302,CPVI
1303,CPVI
1304,CPVI
1305,CPVI
1306,CPVI
1307,CPVI
1308,CPVI
1309,CPVI
1310,CPVI
1311,GVI
1312,GVI
1313,GVI
1314,GVI
1315,MTNP
1316,MTNP
1317,MTNP
1318,MTNP
1319,MTNP
1320,AVIE
1321,AVIE
1322,AVIE
1323,AVIE
1324,AVIE
1325,AVIE
1326,AVIE
1327,CPVI
1328,CPVI
1329,CPVI
1330,CPVI
1331,CPVI
1332,CPVI
1333,CPVI
1334,CPVI
1335,CPVI
1336,GVI
1337,GVI
1338,GVI
1339,GVI
1340,GVI
1341,GVI
1342,GVI
1343,GVI
1344,MTNP
1345,MTNP
1346,MTNP
1347,AVIE
1348,AVIE
1349,AVIE
1350,AVIE
1351,AVIE
1352,AVIE
1353,AVIE
1354,AVIE
1355,CPVI
1356,CPVI
1357,CPVI
1358,GVI
1359,GVI
1360,CPVI
1361,CPVI
1362,CPVI
1363,GVI
1364,GVI
1365,GVI
1366,GVI
1367,GVI
1368,GVI
1369,GVI
1370,GVI
1371,MTNP
1372,MTNP
1373,AVIE
1374,AVIE
1375,AVIE
1376,AVIE
1377,AVIE
1378,AVIE
1379,AVIE
1380,GVI
1381,GVI
1382,GVI
1383,GVI
1384,GVI
1385,CPVI
1386,Phase1
1387,Phase1
1388,GVI
1389,GVI
1390,GVI
1391,GVI
1392,GVI
1393,GVI
1394,GVI
1395,GVI
1396,MTNP
1397,MTNP
1398,MTNP
1399,MTNP
1400,AVIE
1401,AVIE
1402,AVIE
1403,AVIE
1404,AVIE
1405,GVI
1406,GVI
1407,GVI
1408,GVI
1409,GVI
1410,Phase1
1411,GVI
1412,GVI
1413,GVI
1414,GVI
1415,GVI
1416,GVI
1417,GVI
1418,GVI
1419,GVI
1420,GVI
1421,MTNP
1422,MTNP
1423,MTNP
1424,AVIE
1425,AVIE
1426,AVIE
1427,AVIE
1428,GVI
1429,GVI
1430,GVI
1431,GVI
1432,GVI
1433,GVI
1434,GVI
1435,GVI
1436,GVI
1437,GVI
1438,GVI
1439,GVI
1440,GVI
1441,GVI
1442,GVI
1443,GVI
1444,MTNP
1445,MTNP
1446,AVIE
1447,AVIE
1448,AVIE
1449,AVIE
1450,GVI
1451,Phase1
1452,GVI
1453,GVI
1454,GVI
1455,GVI
1456,GVI
1457,GVI
1458,GVI
1459,GVI
1460,GVI
1461,GVI
1462,GVI
1463,GVI
1464,GVI
1465,GVI
1466,MTNP
1467,MTNP
1468,AVIE
1469,AVIE
1470,GVI
1471,GVI
1472,Phase1
1473,GVI
1474,GVI
1475,GVI
1476,GVI
1477,GVI
1478,GVI
1479,GVI
1480,GVI
1481,GVI
1482,GVI
1483,GVI
1484,GVI
1485,GVI
1486,GVI
1487,MTNP
1488,AVIE
1489,AVIE
1490,AVIE
1491,AVIE
1492,GVI
1493,GVI
1494,GVI
1495,GVI
1496,GVI
1497,GVI
1498,GVI
1499,GVI
1500,GVI
1501,GVI
1502,GVI
1503,GVI
1504,GVI
1505,GVI
1506,GVI
1507,AVIE
1508,AVIE
1509,AVIE
1510,AVIE
1511,GVI
1512,GVI
1513,GVI
1514,GVI
1515,GVI
1516,GVI
1517,GVI
1518,GVI
1519,GVI
1520,GVI
1521,GVI
1522,GVI
1523,GVI
1524,GVI
1525,GVI
1526,GVI
1527,AVIE
1528,AVIE
1529,AVIE
1530,GVI
1531,GVI
1532,GVI
1533,GVI
1534,GVI
1535,GVI
1536,GVI
1537,GVI
1538,GVI
1539,GVI
1540,GVI
1541,GVI
1542,GVI
1543,GVI
1544,GVI
1545,GVI
1546,AVIE
1547,AVIE
1548,AVIE
1549,AVIE
1550,GVI
1551,GVI
1552,GVI
1553,GVI
1554,GVI
1555,GVI
1556,GVI
1557,GVI
1558,GVI
1559,GVI
1560,GVI
1561,GVI
1562,GVI
1563,GVI
1564,AVIE
1565,AVIE
1566,AVIE
1567,AVIE
1568,GVI
1569,GVI
1570,GVI
1571,GVI
1572,GVI
1573,GVI
1574,GVI
1575,GVI
1576,GVI
1577,GVI
1578,GVI
1579,GVI
1580,AVIE
1581,AVIE
1582,AVIE
1583,AVIE
1584,AVIE
1585,AVIE
1586,AVIE
1587,GVI
1588,GVI
1589,GVI
1590,GVI
1591,GVI
1592,GVI
1593,GVI
1594,GVI
1595,GVI
1596,GVI
1597,GVI
1598,GVI
1599,AVIE
1600,AVIE
1601,AVIE
1602,AVIE
1603,AVIE
1604,GVI
1605,GVI
1606,GVI
1607,GVI
1608,GVI
1609,GVI
1610,GVI
1611,GVI
1612,GVI
1613,GVI
1614,GVI
1615,GVI
1616,AVIE
1617,AVIE
1618,AVIE
1619,GVI
1620,AVIE
1621,GVI
1622,GVI
1623,GVI
1624,GVI
1625,GVI
1626,GVI
1627,GVI
1628,GVI
1629,GVI
1630,GVI
1631,GVI
1632,GVI
1633,AVIE
1634,AVIE
1635,GVI
1636,AVIE
1637,GVI
1638,GVI
1639,GVI
1640,GVI
1641,GVI
1642,GVI
1643,GVI
1644,GVI
1645,GVI
1646,GVI
1647,AVIE
1648,AVIE
1649,GVI
1650,GVI
1651,GVI
1652,GVI
1653,GVI
1654,GVI
1655,MTNP
1656,MTNP
